filename,document_name,risk_score,risk_band,num_risk_drivers
CybergyHoldingsInc_20140520_10-Q_EX-10.27_8605784_EX-10.27_Affiliate Agreement.pdf,MARKETING AFFILIATE AGREEMENT,0,Low Risk,0
EuromediaHoldingsCorp_20070215_10SB12G_EX-10.B(01)_525118_EX-10.B(01)_Content License Agreement.pdf,VIDEO-ON-DEMAND CONTENT LICENSE AGREEMENT,18,Low Risk,1
FulucaiProductionsLtd_20131223_10-Q_EX-10.9_8368347_EX-10.9_Content License Agreement.pdf,CONTENT DISTRIBUTION AND LICENSE AGREEMENT,43,Moderate Risk,2
GopageCorp_20140221_10-K_EX-10.1_8432966_EX-10.1_Content License Agreement.pdf,WEBSITE CONTENT LICENSE AGREEMENT,25,Low Risk,1
IdeanomicsInc_20160330_10-K_EX-10.26_9512211_EX-10.26_Content License Agreement.pdf,CONTENT LICENSE AGREEMENT,0,Low Risk,0
DeltathreeInc_19991102_S-1A_EX-10.19_6227850_EX-10.19_Co-Branding Agreement_ Service Agreement.pdf,CO-BRANDING AND SERVICES AGREEMENT,0,Low Risk,0
EdietsComInc_20001030_10QSB_EX-10.4_2606646_EX-10.4_Co-Branding Agreement.pdf,CO-BRANDING AGREEMENT,25,Low Risk,1
IntegrityMediaInc_20010329_10-K405_EX-10.17_2373875_EX-10.17_Co-Branding Agreement.pdf,PRODUCT DEVELOPMENT AND CO-BRANDING AGREEMENT,25,Low Risk,1
MusclepharmCorp_20170208_10-KA_EX-10.38_9893581_EX-10.38_Co-Branding Agreement.pdf,ENDORSEMENT LICENSING AND CO-BRANDING AGREEMENT,43,Moderate Risk,2
TomOnlineInc_20060501_20-F_EX-4.46_749700_EX-4.46_Co-Branding Agreement.pdf,CO-BRANDING AGREEMENT,18,Low Risk,1
ConformisInc_20191101_10-Q_EX-10.6_11861402_EX-10.6_Development Agreement.pdf,DEVELOPMENT AGREEMENT,25,Low Risk,1
EtonPharmaceuticalsInc_20191114_10-Q_EX-10.1_11893941_EX-10.1_Development Agreement.pdf,EXCLUSIVE LICENSE AND PRODUCT DEVELOPMENT AGREEMENT,43,Moderate Risk,2
FuelcellEnergyInc_20191106_8-K_EX-10.1_11868007_EX-10.1_Development Agreement.pdf,JOINT DEVELOPMENT AGREEMENT,18,Low Risk,1
ReedsInc_20191113_10-Q_EX-10.4_11888303_EX-10.4_Development Agreement.pdf,RECIPE DEVELOPMENT AGREEMENT,25,Low Risk,1
FuseMedicalInc_20190321_10-K_EX-10.43_11575454_EX-10.43_Distributor Agreement.pdf,Distributorship agreement,18,Low Risk,1
GentechHoldingsInc_20190808_1-A_EX1A-6 MAT CTRCT_11776814_EX1A-6 MAT CTRCT_Distributor Agreement.pdf,DISTRIBUTOR AGREEMENT,53,High Risk,3
ImineCorp_20180725_S-1_EX-10.5_11275970_EX-10.5_Distributor Agreement.pdf,NON-EXCLUSIVE DISTRIBUTOR AGREEMENT,0,Low Risk,0
InnerscopeHearingTechnologiesInc_20181109_8-K_EX-10.6_11419704_EX-10.6_Distributor Agreement.pdf,EXCLUSIVE DISTRIBUTOR AGREEMENT,25,Low Risk,1
WaterNowInc_20191120_10-Q_EX-10.12_11900227_EX-10.12_Distributor Agreement.pdf,EXCLUSIVE DISTRIBUTOR AGREEMENT,25,Low Risk,1
GridironBionutrientsInc_20171206_8-K_EX-10.2_10972556_EX-10.2_Endorsement Agreement.pdf,ENDORSEMENT AGREEMENT ADDENDUM I,0,Low Risk,0
EcoScienceSolutionsInc_20171117_8-K_EX-10.1_10956472_EX-10.1_Endorsement Agreement.pdf,ENDORSEMENT AGREEMENT,0,Low Risk,0
NakedBrandGroupInc_20150731_POS AM (on S-1)_EX-10.75_9196027_EX-10.75_Endorsement Agreement.pdf,COLLABORATION & ENDORSEMENT AGREEMENT,61,High Risk,3
RgcResourcesInc_20151216_8-K_EX-10.3_9372751_EX-10.3_Franchise Agreement.pdf,GAS FRANCHISE AGREEMENT,0,Low Risk,0
SimplicityEsportsGamingCompany_20181130_8-K_EX-10.1_11444071_EX-10.1_Franchise Agreement.pdf,MASTER FRANCHISE AGREEMENT,25,Low Risk,1
Freecook_20180605_S-1_EX-10.3_11233807_EX-10.3_Hosting Agreement.pdf,"Website Design, Development and Hosting Agreement",0,Low Risk,0
PareteumCorp_20081001_8-K_EX-99.1_2654808_EX-99.1_Hosting Agreement.pdf,MOBILE VIRTUALNETWORK ENABLER HOSTING AGREEMENT,10,Low Risk,1
VitalibisInc_20180316_8-K_EX-10.2_11100168_EX-10.2_Hosting Agreement.pdf,SERVICES AND HOSTING AGREEMENT,10,Low Risk,1
QuantumGroupIncFl_20090120_8-K_EX-99.2_3672910_EX-99.2_Hosting Agreement.pdf,e-business Hosting Agreement,0,Low Risk,0
CerenceInc_20191002_8-K_EX-10.4_11827494_EX-10.4_Intellectual Property Agreement.pdf,"INTELLECTUAL PROPERTY AGREEMENT, d",0,Low Risk,0
GarrettMotionInc_20181001_8-K_EX-2.4_11364532_EX-2.4_Intellectual Property Agreement.pdf,"INTELLECTUAL PROPERTY AGREEMENT, d",0,Low Risk,0
RareElementResourcesLtd_20171019_SC 13D_EX-99.4_10897534_EX-99.4_Intellectual Property Agreement.pdf,INTELLECTUAL PROPERTY RIGHTS AGREEMENT,25,Low Risk,1
ArtaraTherapeuticsInc_20200110_8-K_EX-10.5_11943350_EX-10.5_License Agreement.pdf,SPONSORED RESEARCH AND LICENSE AGREEMENT,43,Moderate Risk,2
GpaqAcquisitionHoldingsInc_20200123_S-4A_EX-10.6_11951677_EX-10.6_License Agreement.pdf,MEDIA LICENSE AGREEMENT,43,Moderate Risk,2
CytodynInc_20200109_10-Q_EX-10.5_11941634_EX-10.5_License Agreement.pdf,COMMERCIALIZATION AND LICENSE AGREEMENT,43,Moderate Risk,2
VirtuosoSurgicalInc_20191227_1-A_EX1A-6 MAT CTRCT_11933379_EX1A-6 MAT CTRCT_License Agreement.pdf,NON-EXCLUSIVE LICENSE AGREEMENT- FOR SALES,0,Low Risk,0
AtnInternationalInc_20191108_10-Q_EX-10.1_11878541_EX-10.1_Maintenance Agreement.pdf,Network Build and Maintenance Agreement ,18,Low Risk,1
BloomEnergyCorp_20180321_DRSA (on S-1)_EX-10_11240356_EX-10_Maintenance Agreement.pdf,MASTER OPERATION AND MAINTENANCE AGREEMENT,18,Low Risk,1
HerImports_20161018_8-KA_EX-10.14_9765707_EX-10.14_Maintenance Agreement.pdf,SOFTWARE MAINTENANCE AGREEMENT,0,Low Risk,0
InmodeLtd_20190729_F-1A_EX-10.9_11743243_EX-10.9_Manufacturing Agreement.pdf,TURN - KEY MANUFACTURING AGREEMENT,28,Moderate Risk,2
NeuroboPharmaceuticalsInc_20190903_S-4_EX-10.36_11802165_EX-10.36_Manufacturing Agreement_ Supply Agreement.pdf,MANUFACTURING AND SUPPLY AGREEMENT (DA-9801 Licensed Products),0,Low Risk,0
KitovPharmaLtd_20190326_20-F_EX-4.15_11584449_EX-4.15_Manufacturing Agreement.pdf,PRODUCT MANUFACTURING AGREEMENT,43,Moderate Risk,2
UpjohnInc_20200121_10-12G_EX-2.6_11948692_EX-2.6_Manufacturing Agreement_ Supply Agreement.pdf,MANUFACTURING AND SUPPLY AGREEMENT,53,High Risk,3
CcRealEstateIncomeFundadv_20181205_POS 8C_EX-99.(H)(3)_11447739_EX-99.(H)(3)_Marketing Agreement.pdf,WHOLESALE MARKETING AGREEMENT,0,Low Risk,0
EmmisCommunicationsCorp_20191125_8-K_EX-10.6_11906433_EX-10.6_Marketing Agreement.pdf,LOCAL PROGRAMMING AND MARKETING AGREEMENT (WQHT HD2),0,Low Risk,0
TodosMedicalLtd_20190328_20-F_EX-4.10_11587157_EX-4.10_Marketing Agreement_ Reseller Agreement.pdf,MARKETING AND RESELLER AGREEMENT,43,Moderate Risk,2
VertexEnergyInc_20200113_8-K_EX-10.1_11943624_EX-10.1_Marketing Agreement.pdf,JOINT SUPPLY AND MARKETING AGREEMENT,43,Moderate Risk,2
XpresspaGroupInc_20190401_10-K_EX-10.28_11599457_EX-10.28_Marketing Agreement.pdf,PRODUCT SALE AND MARKETING AGREEMENT,43,Moderate Risk,2
FerroglobePlc_20150624_F-4A_EX-10.20_9154746_EX-10.20_Outsourcing Agreement.pdf,OUTSOURCING AGREEMENT,0,Low Risk,0
ImperialGardenResortInc_20161028_DRS (on F-1)_EX-10.13_9963189_EX-10.13_Outsourcing Agreement.pdf,Outsourcing Contract on Development of Miaoli Royal Resort Hotel,0,Low Risk,0
ParatekPharmaceuticalsInc_20170505_10-KA_EX-10.29_10323872_EX-10.29_Outsourcing Agreement.pdf,Outsourcing Agreement,18,Low Risk,1
PhotronicsInc_20171219_10-QA_EX-10.28_10982650_EX-10.28_Outsourcing Agreement.pdf,OUTSOURCING AGREEMENT,0,Low Risk,0
ExactSciencesCorp_20180822_8-K_EX-10.1_11331629_EX-10.1_Promotion Agreement.pdf,COLOGUARD® PROMOTION AGREEMENT,43,Moderate Risk,2
DovaPharmaceuticalsInc_20181108_10-Q_EX-10.2_11414857_EX-10.2_Promotion Agreement.pdf,CO-PROMOTION AGREEMENT,35,Moderate Risk,2
VnueInc_20150914_8-K_EX-10.1_9259571_EX-10.1_Promotion Agreement.pdf,PROMOTION AGREEMENT,0,Low Risk,0
SigaTechnologiesInc_20190603_8-K_EX-10.1_11695818_EX-10.1_Promotion Agreement.pdf,PROMOTION AGREEMENT,43,Moderate Risk,2
BravatekSolutionsInc_20170418_8-K_EX-10.1_10205739_EX-10.1_Reseller Agreement.pdf,  RESELLER AGREEMENT,43,Moderate Risk,2
HealthcareIntegratedTechnologiesInc_20190812_8-K_EX-10.1_11776966_EX-10.1_Reseller Agreement.pdf,WALABOT-HOME RESELLER AGREEMENT,18,Low Risk,1
EhaveInc_20190515_20-F_EX-4.44_11678816_EX-4.44_License Agreement_ Reseller Agreement.pdf,LICENSE AND RESELLER AGREEMENT,43,Moderate Risk,2
SalesforcecomInc_20171122_10-Q_EX-10.1_10961535_EX-10.1_Reseller Agreement.pdf,FORM OF SUB-RESELLER AGREEMENT,0,Low Risk,0
IpassInc_20181203_8-K_EX-99.1_11445874_EX-99.1_Reseller Agreement.pdf,CHANNEL PARTNER RESELLER AGREEMENT,43,Moderate Risk,2
GpaqAcquisitionHoldingsInc_20200123_S-4A_EX-10.8_11951679_EX-10.8_Service Agreement.pdf,SPONSORSHIP AND SERVICES AGREEMENT,25,Low Risk,1
IntegrityFunds_20200121_485BPOS_EX-99.E UNDR CONTR_11948727_EX-99.E UNDR CONTR_Service Agreement.pdf,DISTRIBUTION AND SERVICES AGREEMENT,0,Low Risk,0
ReynoldsConsumerProductsInc_20200121_S-1A_EX-10.22_11948918_EX-10.22_Service Agreement.pdf,TRANSITION SERVICES AGREEMENT,0,Low Risk,0
VerizonAbsLlc_20200123_8-K_EX-10.4_11952335_EX-10.4_Service Agreement.pdf,"TRANSFER AND SERVICING AGREEMENT, d",18,Low Risk,1
ArcGroupInc_20171211_8-K_EX-10.1_10976103_EX-10.1_Sponsorship Agreement.pdf,JACKSONVILLE JAGUARS SPONSORSHIP AGREEMENT,0,Low Risk,0
AlliedEsportsEntertainmentInc_20190815_8-K_EX-10.34_11788308_EX-10.34_Sponsorship Agreement.pdf,EVENT SPONSORSHIP AGREEMENT,25,Low Risk,1
EcoScienceSolutionsInc_20180406_8-K_EX-10.1_11135398_EX-10.1_Sponsorship Agreement.pdf,SPONSORSHIP AGREEMENT,0,Low Risk,0
AgapeAtpCorp_20191202_10-KA_EX-10.1_11911128_EX-10.1_Supply Agreement.pdf,ODM SUPPLY AGREEMENT,25,Low Risk,1
FreezeTagInc_20180411_8-K_EX-10.1_11139603_EX-10.1_Sponsorship Agreement.pdf,Corporate Sponsorship Agreement,0,Low Risk,0
LohaCompanyltd_20191209_F-1_EX-10.16_11917878_EX-10.16_Supply Agreement.pdf,SUPPLY CONTRACT,0,Low Risk,0
ReynoldsConsumerProductsInc_20191115_S-1_EX-10.18_11896469_EX-10.18_Supply Agreement.pdf,MASTER SUPPLY AGREEMENT,0,Low Risk,0
WestPharmaceuticalServicesInc_20200116_8-K_EX-10.1_11947529_EX-10.1_Supply Agreement.pdf,GLOBAL MASTER SUPPLY AGREEMENT,0,Low Risk,0
HertzGroupRealtyTrustInc_20190920_S-11A_EX-10.8_11816941_EX-10.8_Trademark License Agreement.pdf,FORM OF TRADEMARK LICENSE AGREEMENT,0,Low Risk,0
ArconicRolledProductsCorp_20191217_10-12B_EX-2.7_11923804_EX-2.7_Trademark License Agreement.pdf,FORM OF TRADEMARK LICENSE AGREEMENT,0,Low Risk,0
MorganStanleyDirectLendingFund_20191119_10-12GA_EX-10.5_11898508_EX-10.5_Trademark License Agreement.pdf,TRADEMARK LICENSE AGREEMENT,0,Low Risk,0
NmfSlfIInc_20200115_10-12GA_EX-10.5_11946987_EX-10.5_Trademark License Agreement.pdf,TRADEMARK LICENSE AGREEMENT,18,Low Risk,1
PalmerSquareCapitalBdcInc_20200116_10-12GA_EX-10.6_11949289_EX-10.6_Trademark License Agreement.pdf,TRADEMARK LICENSE AGREEMENT,18,Low Risk,1
PenntexMidstreamPartnersLp_20150416_S-1A_EX-10.4_9042833_EX-10.4_Transportation Agreement.pdf,GAS TRANSPORTATION AGREEMENT,25,Low Risk,1
TcPipelinesLp_20160226_10-K_EX-99.12_9454048_EX-99.12_Transportation Agreement.pdf,TRANSPORTATION SERVICE AGREEMENT Contract Identification FT18150,0,Low Risk,0
RangeResourcesLouisianaInc_20150417_8-K_EX-10.5_9045501_EX-10.5_Transportation Agreement.pdf,TRANSPORTATION SERVICES AGREEMENT,0,Low Risk,0
ZtoExpressCaymanInc_20160930_F-1_EX-10.10_9752871_EX-10.10_Transportation Agreement.pdf,Road Transportation Agreement,0,Low Risk,0
AudibleInc_20001113_10-Q_EX-10.32_2599586_EX-10.32_Co-Branding Agreement_ Marketing Agreement_ Investment Distribution Agreement.pdf,"CO-BRANDING, MARKETING AND DISTRIBUTION AGREEMENT",43,Moderate Risk,2
2ThemartComInc_19990826_10-12G_EX-10.10_6700288_EX-10.10_Co-Branding Agreement_ Agency Agreement.pdf,CO-BRANDING AND ADVERTISING AGREEMENT,18,Low Risk,1
EmbarkComInc_19991008_S-1A_EX-10.10_6487661_EX-10.10_Co-Branding Agreement.pdf,CO-BRANDING AGREEMENT,25,Low Risk,1
HealthcentralCom_19991108_S-1A_EX-10.27_6623292_EX-10.27_Co-Branding Agreement.pdf,CO-BRANDING CONTENT AGREEMENT,25,Low Risk,1
ImpresseCorp_20000322_S-1A_EX-10.11_5199234_EX-10.11_Co-Branding Agreement.pdf,CO-BRANDING AGREEMENT,18,Low Risk,1
EbixInc_20010515_10-Q_EX-10.3_4049767_EX-10.3_Co-Branding Agreement.pdf,CO-BRANDING AGREEMENT,25,Low Risk,1
InvendaCorp_20000828_S-1A_EX-10.2_2588206_EX-10.2_Co-Branding Agreement.pdf,CO-BRANDING AGREEMENT,28,Moderate Risk,2
MphaseTechnologiesInc_20030911_10-K_EX-10.15_1560667_EX-10.15_Co-Branding Agreement.pdf,CO-BRANDING AGREEMENT,0,Low Risk,0
LeadersonlineInc_20000427_S-1A_EX-10.8_4991089_EX-10.8_Co-Branding Agreement.pdf,CO-BRANDING AGREEMENT,0,Low Risk,0
NeoformaInc_19991202_S-1A_EX-10.26_5224521_EX-10.26_Co-Branding Agreement.pdf,CO-BRANDING AGREEMENT,43,Moderate Risk,2
PaperexchangeComInc_20000322_S-1A_EX-10.4_5202103_EX-10.4_Co-Branding Agreement.pdf,CO-BRANDING AGREEMENT,43,Moderate Risk,2
RaeSystemsInc_20001114_10-Q_EX-10.57_2631790_EX-10.57_Co-Branding Agreement.pdf,CO-BRANDING AGREEMENT                                      (FORM),0,Low Risk,0
RandWorldwideInc_20010402_8-KA_EX-10.2_2102464_EX-10.2_Co-Branding Agreement.pdf,CO-BRANDING AGREEMENT,10,Low Risk,1
TheglobeComInc_19990503_S-1A_EX-10.20_5416126_EX-10.20_Co-Branding Agreement.pdf,CO-BRANDING Agreement,18,Low Risk,1
StampscomInc_20001114_10-Q_EX-10.47_2631630_EX-10.47_Co-Branding Agreement.pdf,MANIFEST SYSTEM SERVICES AND CO-BRANDING AGREEMENT,43,Moderate Risk,2
CreditcardscomInc_20070810_S-1_EX-10.33_362297_EX-10.33_Affiliate Agreement.pdf,CHASE AFFILIATE AGREEMENT,0,Low Risk,0
DigitalCinemaDestinationsCorp_20111220_S-1_EX-10.10_7346719_EX-10.10_Affiliate Agreement.pdf,NETWORK AFFILIATE AGREEMENT,63,High Risk,4
LinkPlusCorp_20050802_8-K_EX-10_3240252_EX-10_Affiliate Agreement.pdf,AFFILIATE AGREEMENT,25,Low Risk,1
SouthernStarEnergyInc_20051202_SB-2A_EX-9_801890_EX-9_Affiliate Agreement.pdf,Affiliate Program / Premium Affiliate Management General Terms and Conditions,0,Low Risk,0
SteelVaultCorp_20081224_10-K_EX-10.16_3074935_EX-10.16_Affiliate Agreement.pdf,MARKETING AFFILIATE AGREEMENT,10,Low Risk,1
UnionDentalHoldingsInc_20050204_8-KA_EX-10_3345577_EX-10_Affiliate Agreement.pdf,BUSINESS AFFILIATE AGREEMENT,0,Low Risk,0
TubeMediaCorp_20060310_8-K_EX-10.1_513921_EX-10.1_Affiliate Agreement.pdf,CHARTER AFFILIATE AFFILIATION AGREEMENT,43,Moderate Risk,2
UsioInc_20040428_SB-2_EX-10.11_1723988_EX-10.11_Affiliate Agreement 2.pdf,AFFILIATE OFFICE AGREEMENT,53,High Risk,3
BizzingoInc_20120322_8-K_EX-10.17_7504499_EX-10.17_Endorsement Agreement.pdf,CELEBRITY ENDORSEMENT AGREEMENT,43,Moderate Risk,2
BerkshireHillsBancorpInc_20120809_10-Q_EX-10.16_7708169_EX-10.16_Endorsement Agreement.pdf,ENDORSEMENT AGREEMENT,43,Moderate Risk,2
GridironBionutrientsInc_20171206_8-K_EX-10.1_10972555_EX-10.1_Endorsement Agreement.pdf,ENDORSEMENT AGREEMENT,43,Moderate Risk,2
LegacyEducationAllianceInc_20141110_8-K_EX-10.9_8828866_EX-10.9_Endorsement Agreement.pdf,TALENT ENDORSEMENT AGREEMENT,18,Low Risk,1
LifewayFoodsInc_20160316_10-K_EX-10.24_9489766_EX-10.24_Endorsement Agreement.pdf,ENDORSEMENT AGREEMENT,18,Low Risk,1
PerformanceSportsBrandsInc_20110909_S-1_EX-10.10_7220214_EX-10.10_Endorsement Agreement.pdf,ENDORSEMENT AGREEMENT,43,Moderate Risk,2
PharmagenInc_20120803_8-KA_EX-10.1_7693204_EX-10.1_Endorsement Agreement.pdf,ENDORSEMENT AGREEMENT,25,Low Risk,1
PrudentialBancorpInc_20170606_8-K_EX-10.4_10474434_EX-10.4_Endorsement Agreement.pdf,Split-Dollar Endorsement Agreement,0,Low Risk,0
ThriventVariableInsuranceAccountB_20190701_N-6_EX-99.D(IV)_11720968_EX-99.D(IV)_Endorsement Agreement.pdf,ENDORSEMENT,0,Low Risk,0
ArcaUsTreasuryFund_20200207_N-2_EX-99.K5_11971930_EX-99.K5_Development Agreement.pdf,BLOCKCHAIN ADMINISTRATION AND DEVELOPMENT AGREEMENT,0,Low Risk,0
AimmuneTherapeuticsInc_20200205_8-K_EX-10.3_11967170_EX-10.3_Development Agreement.pdf,"LICENSE, DEVELOPMENT AND COMMERCIALIZATION AGREEMENT",43,Moderate Risk,2
CnsPharmaceuticalsInc_20200326_8-K_EX-10.1_12079626_EX-10.1_Development Agreement.pdf,Development Agreement,0,Low Risk,0
ClickstreamCorp_20200330_1-A_EX1A-6 MAT CTRCT_12089935_EX1A-6 MAT CTRCT_Development Agreement.pdf,APPLICATION DEVELOPMENT AGREEMENT,35,Moderate Risk,2
CoherusBiosciencesInc_20200227_10-K_EX-10.29_12021376_EX-10.29_Development Agreement.pdf,LICENSE AND DEVELOPMENT AGREEMENT,53,High Risk,3
ElPolloLocoHoldingsInc_20200306_10-K_EX-10.16_12041700_EX-10.16_Development Agreement.pdf,FRANCHISE DEVELOPMENT AGREEMENT (Non-exclusive/Exclusive),25,Low Risk,1
EmeraldHealthBioceuticalsInc_20200218_1-A_EX1A-6 MAT CTRCT_11987205_EX1A-6 MAT CTRCT_Development Agreement.pdf,Consulting and Product Development Agreement,25,Low Risk,1
HarpoonTherapeuticsInc_20200312_10-K_EX-10.18_12051356_EX-10.18_Development Agreement.PDF,DEVELOPMENT AND OPTION AGREEMENT,43,Moderate Risk,2
IbioInc_20200313_8-K_EX-10.1_12052678_EX-10.1_Development Agreement.pdf,MASTER JOINT DEVELOPMENT AGREEMENT,0,Low Risk,0
HfEnterprisesInc_20191223_S-1_EX-10.22_11931299_EX-10.22_Development Agreement.pdf,OUTSOURCE TECHNOLOGY DEVELOPMENT AGREEMENT,0,Low Risk,0
LegacyEducationAllianceInc_20200330_10-K_EX-10.18_12090678_EX-10.18_Development Agreement.pdf,REAL ESTATE EDUCATION TRAINING PROGRAM DEVELOPMENT AGREEMENT,53,High Risk,3
LiquidmetalTechnologiesInc_20200205_8-K_EX-10.1_11968198_EX-10.1_Development Agreement.pdf,BUSINESS DEVELOPMENT AGREEMENT,18,Low Risk,1
NlsPharmaceuticsLtd_20200228_F-1_EX-10.14_12029046_EX-10.14_Development Agreement.pdf,License and Development Agreement,43,Moderate Risk,2
PhasebioPharmaceuticalsInc_20200330_10-K_EX-10.21_12086810_EX-10.21_Development Agreement.pdf,CO-DEVELOPMENT AGREEMENT,53,High Risk,3
RevolutionMedicinesInc_20200117_S-1_EX-10.1_11948417_EX-10.1_Development Agreement.pdf,"COLLABORATIVE RESEARCH, DEVELOPMENT AND COMMERCIALIZATION AGREEMENT",43,Moderate Risk,2
RitterPharmaceuticalsInc_20200313_S-4A_EX-10.54_12055220_EX-10.54_Development Agreement.pdf,DISTRIBUTION AND DEVELOPMENT AGREEMENT,53,High Risk,3
VgrabCommunicationsInc_20200129_10-K_EX-10.33_11958828_EX-10.33_Development Agreement.pdf,Mobile Application Development Agreement,0,Low Risk,0
ChinaRealEstateInformationCorp_20090929_F-1_EX-10.32_4771615_EX-10.32_Content License Agreement.pdf,DOMAIN NAME AND CONTENT LICENSE AGREEMENT,43,Moderate Risk,2
AlliedEsportsEntertainmentInc_20190815_8-K_EX-10.19_11788293_EX-10.19_Content License Agreement.pdf,JOINT CONTENT LICENSE AGREEMENT,0,Low Risk,0
DataCallTechnologies_20060918_SB-2A_EX-10.9_944510_EX-10.9_Content License Agreement.pdf,                           CONTENT LICENSING AGREEMENT,18,Low Risk,1
GlobalTechnologiesGroupInc_20050928_10KSB_EX-10.9_4148808_EX-10.9_Content License Agreement.pdf,CONTENT LICENSE AGREEMENT,18,Low Risk,1
IdeanomicsInc_20151124_8-K_EX-10.2_9354744_EX-10.2_Content License Agreement.pdf,FORM OF CONTENT LICENSE AGREEMENT,0,Low Risk,0
MidwestEnergyEmissionsCorp_20080604_8-K_EX-10.2_3093976_EX-10.2_Content License Agreement.pdf,                CONTENT LICENSE AGREEMENT,43,Moderate Risk,2
PacificapEntertainmentHoldingsInc_20051115_8-KA_EX-1.01_4300894_EX-1.01_Content License Agreement.pdf,CONTENT LICENSE AGREEMENT,25,Low Risk,1
PhoenixNewMediaLtd_20110421_F-1_EX-10.17_6958322_EX-10.17_Content License Agreement.pdf,Program Content License Agreement,25,Low Risk,1
RemarkHoldingsInc_20081114_10-Q_EX-10.24_2895649_EX-10.24_Content License Agreement.pdf,  CONTENT LICENSE AGREEMENT,25,Low Risk,1
WatchitMediaInc_20061201_8-K_EX-10.1_4148672_EX-10.1_Content License Agreement.pdf,Media Content and License Agreement,25,Low Risk,1
XinhuaSportsEntertainmentLtd_20070221_F-1_EX-99.4_645553_EX-99.4_Content License Agreement.pdf,                            CONTENT LICENSE AGREEMENT,43,Moderate Risk,2
WebmdHealthCorp_20050908_S-1A_EX-10.7_1027007_EX-10.7_Content License Agreement.pdf,CONTENT LICENSE AGREEMENT,18,Low Risk,1
ScansourceInc_20190509_10-Q_EX-10.2_11661422_EX-10.2_Distributor Agreement.pdf,"ADDENDUM TO 

ZEBRA® PARTNERCONNECT DISTRIBUTOR AGREEMENT",0,Low Risk,0
ScansourceInc_20190822_10-K_EX-10.39_11793959_EX-10.39_Distributor Agreement.pdf,AMENDMENT NO. 3 TO THE NONEXCLUSIVE VALUE ADDED DISTRIBUTOR AGREEMENT,0,Low Risk,0
PrecheckHealthServicesInc_20200320_8-K_EX-99.2_12070169_EX-99.2_Distributor Agreement.pdf,DISTRIBUTOR AGREEMENT,18,Low Risk,1
SmartRxSystemsInc_20180914_1-A_EX1A-6 MAT CTRCT_11351705_EX1A-6 MAT CTRCT_Distributor Agreement.pdf,EXCLUSIVE DISTRIBUTOR AGREEMENT,43,Moderate Risk,2
StaarSurgicalCompany_20180801_10-Q_EX-10.37_11289449_EX-10.37_Distributor Agreement.pdf,DISTRIBUTORSHIP AGREEMENT,43,Moderate Risk,2
ZogenixInc_20190509_10-Q_EX-10.2_11663313_EX-10.2_Distributor Agreement.pdf,DISTRIBUTORSHIP AGREEMENT,43,Moderate Risk,2
ArmstrongFlooringInc_20190107_8-K_EX-10.2_11471795_EX-10.2_Intellectual Property Agreement.pdf,INTELLECTUAL PROPERTY AGREEMENT,0,Low Risk,0
GluMobileInc_20070319_S-1A_EX-10.09_436630_EX-10.09_Content License Agreement1.pdf,WIRELESS CONTENT LICENSE AGREEMENT,43,Moderate Risk,2
GluMobileInc_20070319_S-1A_EX-10.09_436630_EX-10.09_Content License Agreement2.pdf,"AMENDMENT NO. 1

Wireless Content License Agreement Number 12965",25,Low Risk,1
GluMobileInc_20070319_S-1A_EX-10.09_436630_EX-10.09_Content License Agreement3.pdf,"AMENDMENT NO. 2

Wireless Content License Agreement Number 12965",0,Low Risk,0
GluMobileInc_20070319_S-1A_EX-10.09_436630_EX-10.09_Content License Agreement4.pdf,"AMENDMENT NO. 3

Wireless Content License Agreement Number 12965",0,Low Risk,0
LejuHoldingsLtd_20140121_DRS (on F-1)_EX-10.26_8473102_EX-10.26_Content License Agreement1.pdf,DOMAIN NAME AND CONTENT LICENSE AGREEMENT,43,Moderate Risk,2
LejuHoldingsLtd_20140121_DRS (on F-1)_EX-10.26_8473102_EX-10.26_Content License Agreement2.pdf,MUTUAL TERMINATION AGREEMENT,0,Low Risk,0
PapaJohnsInternationalInc_20190617_8-K_EX-10.1_11707365_EX-10.1_Endorsement Agreement.pdf,ENDORSEMENT AGREEMENT,43,Moderate Risk,2
PfHospitalityGroupInc_20150923_10-12G_EX-10.1_9266710_EX-10.1_Franchise Agreement3.pdf,SAMPLE OF NON-DISCLOSURE AND NON-COMPETITION AGREEMENT,20,Low Risk,2
PfHospitalityGroupInc_20150923_10-12G_EX-10.1_9266710_EX-10.1_Franchise Agreement1.pdf,FORM OF FRANCHISE AGREEMENT,38,Moderate Risk,3
PlayboyEnterprisesInc_20090220_10-QA_EX-10.2_4091580_EX-10.2_Content License Agreement_ Marketing Agreement_ Sales-Purchase Agreement1.pdf,"  CONTENT LICENSE, MARKETING AND SALES AGREEMENT",43,Moderate Risk,2
PlayboyEnterprisesInc_20090220_10-QA_EX-10.2_4091580_EX-10.2_Content License Agreement_ Marketing Agreement_ Sales-Purchase Agreement2.pdf,SUPPLIER/SUBCONTRACTOR CONTRACT,0,Low Risk,0
ScansourceInc_20190822_10-K_EX-10.38_11793958_EX-10.38_Distributor Agreement1.pdf,NONEXCLUSIVE VALUE ADDED DISTRIBUTOR AGREEMENT,43,Moderate Risk,2
ScansourceInc_20190822_10-K_EX-10.38_11793958_EX-10.38_Distributor Agreement2.pdf,Software License Agreement [v.08.05.03],0,Low Risk,0
PelicanDeliversInc_20200211_S-1_EX-10.3_11975895_EX-10.3_Development Agreement2.pdf,SOFTWARE DEVELOPMENT AGREEMENT,18,Low Risk,1
PelicanDeliversInc_20200211_S-1_EX-10.3_11975895_EX-10.3_Development Agreement1.pdf,"STATEMENT OF WORK - APPENDIX A

Software Development Agreement",0,Low Risk,0
BellringBrandsInc_20190920_S-1_EX-10.12_11817081_EX-10.12_Manufacturing Agreement1.pdf,MANUFACTURING AGREEMENT,18,Low Risk,1
BellringBrandsInc_20190920_S-1_EX-10.12_11817081_EX-10.12_Manufacturing Agreement2.pdf,"AMENDMENT NO. 1

MANUFACTURING AGREEMENT",0,Low Risk,0
BellringBrandsInc_20190920_S-1_EX-10.12_11817081_EX-10.12_Manufacturing Agreement4.pdf,"AMENDMENT NO. 3

 MANUFACTURING AGREEMENT",0,Low Risk,0
BellringBrandsInc_20190920_S-1_EX-10.12_11817081_EX-10.12_Manufacturing Agreement3.pdf,"AMENDMENT NO. 2 

MANUFACTURING AGREEMENT",0,Low Risk,0
SLINGERBAGINC_05_27_2020-EX-10.7-CONSULTING AGREEMENT.PDF,CONSULTING AGREEMENT,0,Low Risk,0
"KIROMICBIOPHARMA,INC_05_11_2020-EX-10.23-CONSULTING AGREEMENT.PDF",CONSULTING AGREEMENT,18,Low Risk,1
SPHERE3DCORP_06_24_2020-EX-10.12-CONSULTING AGREEMENT.PDF,CONSULTING AGREEMENT,18,Low Risk,1
GLOBALTECHNOLOGIESLTD_06_08_2020-EX-10.16-CONSULTING AGREEMENT.PDF,CONSULTING AGREEMENT,10,Low Risk,1
EMERALDHEALTHTHERAPEUTICSINC_06_10_2020-EX-4.5-CONSULTING AGREEMENT - DR. GAETANO MORELLO N.D. INC..PDF,CONSULTING AGREEMENT,0,Low Risk,0
"MEDALISTDIVERSIFIEDREIT,INC_05_18_2020-EX-10.1-CONSULTING AGREEMENT.PDF",CONSULTING AGREEMENT,20,Low Risk,2
"DRIVENDELIVERIES,INC_05_22_2020-EX-10.4-CONSULTING AGREEMENT.PDF",Consulting Agreement,38,Moderate Risk,3
"ADUROBIOTECH,INC_06_02_2020-EX-10.7-CONSULTING AGREEMENT.PDF",CONSULTING AGREEMENT,10,Low Risk,1
PANDIONTHERAPEUTICSHOLDCOLLC_05_22_2020-EX-10.17-CONSULTING AGREEMENT.PDF,CONSULTING AGREEMENT,10,Low Risk,1
"CORALGOLDRESOURCES,LTD_05_28_2020-EX-4.1-CONSULTING AGREEMENT.PDF",CONSULTING AGREEMENT,28,Moderate Risk,2
MRSFIELDSORIGINALCOOKIESINC_01_29_1998-EX-10-FRANCHISE AGREEMENT.PDF,FRANCHISE AGREEMENT,63,High Risk,4
"ADUROBIOTECH,INC_06_02_2020-EX-10.7-CONSULTING AGREEMENT(1).PDF",CONSULTING AGREEMENT,35,Moderate Risk,2
CENTRACKINTERNATIONALINC_10_29_1999-EX-10.3-WEB SITE HOSTING AGREEMENT.PDF,WEB SITE HOSTING AGREEMENT,0,Low Risk,0
WEBHELPCOMINC_03_22_2000-EX-10.8-HOSTING AGREEMENT.PDF,HOSTING AGREEMENT,18,Low Risk,1
BANGIINC_05_25_2005-EX-10-Premium Managed Hosting Agreement.PDF,Premium Managed Hosting Agreement,0,Low Risk,0
DYNTEKINC_07_30_1999-EX-10-ONLINE HOSTING AGREEMENT.PDF,Online Hosting Agreement,0,Low Risk,0
REGANHOLDINGCORP_03_31_2008-EX-10-LICENSE AND HOSTING AGREEMENT.PDF,LICENSE AND HOSTING AGREEMENT,18,Low Risk,1
BUFFALOWILDWINGSINC_06_05_1998-EX-10.3-FRANCHISE AGREEMENT.PDF,Franchise Agreement,63,High Risk,4
BONTONSTORESINC_04_20_2018-EX-99.3-AGENCY AGREEMENT.PDF,AGENCY AGREEMENT,43,Moderate Risk,2
"ATHENSBANCSHARESCORP_11_02_2009-EX-1.2-AGENCY AGREEMENT , 2009.PDF",AGENCY AGREEMENT,25,Low Risk,1
"XACCT Technologies, Inc.SUPPORT AND MAINTENANCE AGREEMENT.PDF",Support and Maintenance Agreement,0,Low Risk,0
WELLSFARGOMORTGAGEBACKEDSECURITIES2006-6TRUST_05_11_2006-EX-10.3-Yield Maintenance Agreement.PDF,Yield Maintenance Agreement,0,Low Risk,0
NETZEEINC_11_14_2002-EX-10.3-MAINTENANCE AGREEMENT.PDF,MAINTENANCE AGREEMENT,0,Low Risk,0
IMAGEWARESYSTEMSINC_12_20_1999-EX-10.22-MAINTENANCE AGREEMENT.PDF,MAINTENANCE AGREEMENT,0,Low Risk,0
ABILITYINC_06_15_2020-EX-4.25-SERVICES AGREEMENT.PDF,Services Agreement,0,Low Risk,0
AULAMERICANUNITTRUST_04_24_2020-EX-99.8.77-SERVICING AGREEMENT.PDF,SERVICING AGREEMENT,0,Low Risk,0
CUROGROUPHOLDINGSCORP_05_04_2020-EX-10.3-SERVICING AGREEMENT.PDF,SERVICING AGREEMENT,18,Low Risk,1
BLACKSTONEGSOLONG-SHORTCREDITINCOMEFUND_05_11_2020-EX-99.(K)(1)-SERVICE AGREEMENT.PDF,SERVICE AGREEMENT FOR TRANSFER AGENT SERVICES,0,Low Risk,0
"OAKTREECAPITALGROUP,LLC_03_02_2020-EX-10.8-Services Agreement.PDF",SERVICES AGREEMENT,18,Low Risk,1
"PAXMEDICA,INC_07_02_2020-EX-10.12-Master Service Agreement.PDF",Master Service Agreement,18,Low Risk,1
MERITLIFEINSURANCECO_06_19_2020-EX-10.(XIV)-MASTER SERVICES AGREEMENT.PDF,MASTER SERVICES AGREEMENT (,10,Low Risk,1
PFSFUNDS_06_26_2020-EX-99.H OTH MAT CONT-SERVICES AGREEMENT.PDF,SERVICES AGREEMENT,0,Low Risk,0
SCOUTCAMINC_05_12_2020-EX-10.22-SERVICES AGREEMENT.PDF,SERVICES AGREEMENT,20,Low Risk,2
TALCOTTRESOLUTIONLIFEINSURANCECO-SEPARATEACCOUNTTWELVE_04_30_2020-EX-99.8(L)-SERVICE AGREEMENT.PDF,SERVICE AGREEMENT,0,Low Risk,0
TRANSMONTAIGNEPARTNERSLLC_03_13_2020-EX-10.9-SERVICES AGREEMENT.PDF,SERVICES AGREEMENT,0,Low Risk,0
WPPPLC_04_30_2020-EX-4.28-SERVICE AGREEMENT.PDF,SERVICE AGREEMENT,20,Low Risk,2
BICYCLETHERAPEUTICSPLC_03_10_2020-EX-10.11-SERVICE AGREEMENT.PDF,SERVICE AGREEMENT,28,Moderate Risk,2
NYLIACVARIABLEANNUITYSEPARATEACCOUNTIII_04_10_2020-EX-99.8.KK-SERVICE AGREEMENT.PDF,SERVICE AGREEMENT,0,Low Risk,0
RISEEDUCATIONCAYMANLTD_04_17_2020-EX-4.23-SERVICE AGREEMENT.PDF,SERVICE AGREEMENT,0,Low Risk,0
OPERALTD_04_30_2020-EX-4.14-SERVICE AGREEMENT.PDF,Service Agreement,0,Low Risk,0
"SOLUTIONSVENDINGINTERNATIONAL,INC_03_31_2020-EX1A-1 UNDR AGMT-SERVICES AGREEMENT.PDF",Services Agreement,0,Low Risk,0
"THERAVANCEBIOPHARMA,INC_05_08_2020-EX-10.2-SERVICE AGREEMENT.PDF",SERVICE AGREEMENT,10,Low Risk,1
DOMINIADVISORTRUST_02_18_2005-EX-99.(H)(2)-SPONSORSHIP AGREEMENT.PDF,SPONSORSHIP AGREEMENT,0,Low Risk,0
"CANOPETROLEUM,INC_12_13_2007-EX-10.1-Sponsorship Agreement.PDF",Sponsorship Agreement,0,Low Risk,0
"HALITRON,INC_03_01_2005-EX-10.15-SPONSORSHIP AND DEVELOPMENT AGREEMENT.PDF",SPONSORSHIP AND DEVELOPMENT AGREEMENT,43,Moderate Risk,2
GAINSCOINC_01_21_2010-EX-10.41-SPONSORSHIP AGREEMENT.PDF,SPONSORSHIP AGREEMENT,0,Low Risk,0
"IPAYMENT,INC_05_14_2007-EX-10.1-SPONSORSHIP AGREEMENT.PDF",SPONSORSHIP AGREEMENT,0,Low Risk,0
LOOKSMARTLTD_07_20_2012-EX-99.(D)(I)-SPONSORSHIP AGREEMENT.PDF,SPONSORSHIP AGREEMENT,0,Low Risk,0
STAMPSCOMINC_06_24_1999-EX-10.18-SPONSORSHIP AGREEMENT.PDF,Sponsorship Agreement,18,Low Risk,1
VIOLINMEMORYINC_12_12_2012-EX-10.14-SPONSORSHIP AGREEMENT.PDF,SPONSORSHIP AGREEMENT,25,Low Risk,1
XYBERNAUTCORP_07_12_2002-EX-4-SPONSORSHIP AGREEMENT.PDF,SPONSORSHIP  AGREEMENT,25,Low Risk,1
"CURAEGISTECHNOLOGIES,INC_05_26_2010-EX-1-CORPORATE SPONSORSHIP AGREEMENT.PDF",CORPORATE SPONSORSHIP AGREEMENT,0,Low Risk,0
DRKOOPCOMINC_04_21_1999-EX-10.28-SPONSORSHIP AGREEMENT.PDF,SPONSORSHIP AGREEMENT,25,Low Risk,1
GSVINC_05_15_1998-EX-10-SPONSORSHIP AGREEMENT.PDF,SPONSORSHIP AGREEMENT,0,Low Risk,0
IVILLAGEINC_03_17_1999-EX-10.16-SPONSORSHIP AGREEMENT.PDF,Sponsorship Agreement,25,Low Risk,1
LOGANSROADHOUSEINC_03_27_1998-EX-10.17-SPONSORSHIP AGREEMENT.PDF,SPONSORSHIP AGREEMENT,25,Low Risk,1
MERCATAINC_03_09_2000-EX-10.21-SPONSORSHIP AGREEMENT.PDF,SPONSORSHIP AGREEMENT,0,Low Risk,0
HYDRONTECHNOLOGIESINC_03_31_1997-EX-10.47-SPONSORSHIP AGREEMENT.PDF,SPONSORSHIP AGREEMENT,0,Low Risk,0
N2KINC_10_16_1997-EX-10.16-SPONSORSHIP AGREEMENT.PDF,SPONSORSHIP AGREEMENT,25,Low Risk,1
"XLITECHNOLOGIES,INC_12_11_2015-EX-10.1-Sponsorship Agreement.PDF",Sponsorship Agreement,0,Low Risk,0
VITAMINSHOPPECOMINC_09_13_1999-EX-10.26-SPONSORSHIP AGREEMENT.PDF,SPONSORSHIP AGREEMENT,0,Low Risk,0
ASPIRITYHOLDINGSLLC_05_07_2012-EX-10.6-OUTSOURCING AGREEMENT.PDF,OUTSOURCING AGREEMENT,18,Low Risk,1
BNLFINANCIALCORP_03_30_2007-EX-10.8-OUTSOURCING AGREEMENT.PDF,Outsourcing Agreement,18,Low Risk,1
CCAINDUSTRIESINC_04_14_2014-EX-10.1-OUTSOURCING AGREEMENT.PDF,Services Outsourcing Agreement,18,Low Risk,1
ELANDIAINTERNATIONALINC_04_25_2007-EX-10.21-Outsourcing Agreement.PDF,Network Management Outsourcing Agreement,0,Low Risk,0
NICELTD_06_26_2003-EX-4.5-OUTSOURCING AGREEMENT.PDF,MANUFACTURING OUTSOURCING AGREEMENT,0,Low Risk,0
SYKESHEALTHPLANSERVICESINC_04_24_1998-EX-10.14-OUTSOURCING AGREEMENT.PDF,OUTSOURCING AGREEMENT,25,Low Risk,1
TRICITYBANKSHARESCORP_05_15_1998-EX-10-OUTSOURCING AGREEMENT.PDF,Outsourcing Agreement,18,Low Risk,1
OFGBANCORP_03_28_2007-EX-10.23-OUTSOURCING AGREEMENT.PDF,TECHNOLOGY OUTSOURCING AGREEMENT,53,High Risk,3
DRAGONSYSTEMSINC_01_08_1999-EX-10.17-OUTSOURCING AGREEMENT.PDF,OUTSOURCING AGREEMENT,0,Low Risk,0
HUBEIMINKANGPHARMACEUTICALLTD_09_19_2006-EX-10.1-OUTSOURCING AGREEMENT.PDF,PHOTO RETOUCHING OUTSOURCING AGREEMENT,25,Low Risk,1
MANUFACTURERSSERVICESLTD_06_05_2000-EX-10.14-OUTSOURCING AGREEMENT.PDF,Outsourcing Base Agreement,28,Moderate Risk,2
NEXSTARFINANCEHOLDINGSINC_03_27_2002-EX-10.26-OUTSOURCING AGREEMENT.PDF,OUTSOURCING AGREEMENT,18,Low Risk,1
"OASYSMOBILE,INC_07_05_2001-EX-10.17-OUTSOURCING AGREEMENT.PDF","ASP and Outsourcing Agreement

Order Form",36,Moderate Risk,2
"UNITEDNATIONALBANCORP_03_03_1999-EX-99-Outsourcing Agreement with the BISYS Group, Inc..PDF","United National Bancorp Enters Into Outsourcing Agreement with the BISYS Group, Inc.",0,Low Risk,0
ASIANDRAGONGROUPINC_08_11_2005-EX-10.5-Reseller Agreement.PDF,Reseller Agreement,36,Moderate Risk,2
LOYALTYPOINTINC_11_16_2004-EX-10.2-RESELLER AGREEMENT.PDF,Distribution Agreement,43,Moderate Risk,2
MTITECHNOLOGYCORP_11_16_2004-EX-10.102-Reseller Agreement Premier Addendum.PDF,RESELLER AGREEMENT,0,Low Risk,0
"OMINTO,INC_03_29_2004-EX-10-RESELLER AGREEMENT.PDF",RESELLER AGREEMENT,0,Low Risk,0
AzulSa_20170303_F-1A_EX-10.3_9943903_EX-10.3_Maintenance Agreement2.pdf,Amendment n° 01   to the Global Maintenance Agreement ref. DS/C-3957/14 Issue 7,0,Low Risk,0
AzulSa_20170303_F-1A_EX-10.3_9943903_EX-10.3_Maintenance Agreement1.pdf,GLOBAL MAINTENANCE AGREEMENT (,25,Low Risk,1
CardlyticsInc_20180112_S-1_EX-10.16_11002987_EX-10.16_Maintenance Agreement2.pdf,"Customization Schedule

Software License, Customization and Maintenance Agreement",0,Low Risk,0
CardlyticsInc_20180112_S-1_EX-10.16_11002987_EX-10.16_Maintenance Agreement3.pdf,"SCHEDULE TO Software License, Customization and Maintenance Agreement",0,Low Risk,0
CardlyticsInc_20180112_S-1_EX-10.16_11002987_EX-10.16_Maintenance Agreement4.pdf,"Product License Schedule

Software License, Customization and Maintenance Agreement",0,Low Risk,0
CardlyticsInc_20180112_S-1_EX-10.16_11002987_EX-10.16_Maintenance Agreement1.pdf," Software License, Customization and Maintenance Agreement",18,Low Risk,1
OLDAPIWIND-DOWNLTD_01_08_2016-EX-1.3-AGENCY AGREEMENT1.pdf,AGENCY AGREEMENT,25,Low Risk,1
OLDAPIWIND-DOWNLTD_01_08_2016-EX-1.3-AGENCY AGREEMENT2.pdf,AGENTS’ CERTIFICATE,0,Low Risk,0
MEDIWOUNDLTD_01_15_2014-EX-10.6-SUPPLY AGREEMENT.PDF,Supply Agreement,25,Low Risk,1
SEASPINEHOLDINGSCORP_10_10_2018-EX-10.1-SUPPLY AGREEMENT.PDF,SUPPLY AGREEMENT,43,Moderate Risk,2
PROFOUNDMEDICALCORP_08_29_2019-EX-4.5-SUPPLY AGREEMENT.PDF,SUPPLY AGREEMENT,18,Low Risk,1
"GRIDIRONBIONUTRIENTS,INC_02_05_2020-EX-10.3-SUPPLY AGREEMENT.PDF",SUPPLY AGREEMENT,0,Low Risk,0
"BELLICUMPHARMACEUTICALS,INC_05_07_2019-EX-10.1-Supply Agreement.PDF",Supply Agreement,0,Low Risk,0
FLOTEKINDUSTRIESINCCN_05_09_2019-EX-10.1-SUPPLY AGREEMENT.PDF,SUPPLY AGREEMENT,0,Low Risk,0
GRANTIERRAENERGYINC_05_07_2012-EX-10.6-TRANSPORTATION CONTRACT.PDF,TRANSPORTATION CONTRACT  GENERAL CONDITIONS,0,Low Risk,0
ATMOSENERGYCORP_11_22_2002-EX-10.17-TRANSPORTATION SERVICE AGREEMENT.PDF,TRANSPORTATION SERVICE AGREEMENT,18,Low Risk,1
DYNAMEXINC_06_06_1996-EX-10.4-TRANSPORTATION SERVICES AGREEMENT.PDF,MARKETING AND TRANSPORTATION SERVICES AGREEMENT,53,High Risk,3
MPLXLP_06_17_2015-EX-10.1-TRANSPORTATION SERVICES AGREEMENT.PDF,TRANSPORTATION SERVICES AGREEMENT,0,Low Risk,0
CHAPARRALRESOURCESINC_03_30_2000-EX-10.66-TRANSPORTATION CONTRACT.PDF,TRANSPORTATION CONTRACT,0,Low Risk,0
KENTUCKYUTILITIESCO_03_25_2003-EX-10.65-TRANSPORTATION AGREEMENT.PDF,GAS TRANSPORTATION AGREEMENT,0,Low Risk,0
MACROGENICSINC_08_02_2013-EX-10-COLLABORATION AGREEMENT.PDF,Collaboration Agreement,43,Moderate Risk,2
CHINARECYCLINGENERGYCORP_11_14_2013-EX-10.6-Cooperation Agreement.PDF,Cooperation Agreement,0,Low Risk,0
IDREAMSKYTECHNOLOGYLTD_07_03_2014-EX-10.39-Cooperation Agreement on Mobile Game Business.PDF,Cooperation Agreement,0,Low Risk,0
TUNIUCORP_03_06_2014-EX-10-COOPERATION AGREEMENT.PDF,Cooperation Agreement (2014 Amendment),25,Low Risk,1
SENMIAOTECHNOLOGYLTD_02_19_2019-EX-10.5-Collaboration Agreement.PDF,Collaboration Agreement,18,Low Risk,1
"BERKELEYLIGHTS,INC_06_26_2020-EX-10.12-COLLABORATION AGREEMENT.PDF",COLLABORATION AGREEMENT,28,Moderate Risk,2
PREMIERBIOMEDICALINC_05_14_2020-EX-10.2-INTELLECTUAL PROPERTY AGREEMENT.PDF,Intellectual Property Agreement,25,Low Risk,1
"MIDDLEBROOKPHARMACEUTICALS,INC_03_18_2010-EX-10.1-PROMOTION AGREEMENT.PDF",Promotion Agreement,18,Low Risk,1
"ASHWORTHINC_01_29_1999-EX-10.(D)-PROMOTION AGREEMENT AND NANTZ COMMUNICATIONS, INC..PDF",PROMOTION AGREEMENT,25,Low Risk,1
ON4COMMUNICATIONSINC_07_02_2009-EX-10.1-PROMOTION AGREEMENT.PDF,PROMOTION AGREEMENT,25,Low Risk,1
"WHITESMOKE,INC_11_08_2011-EX-10.26-PROMOTION AND DISTRIBUTION AGREEMENT.PDF",Promotion and Distribution Agreement,0,Low Risk,0
GOCALLINC_03_30_2000-EX-10.7-Promotion Agreement.PDF,Promotion Agreement,25,Low Risk,1
QBIOMEDINC_04_08_2020-EX-99.1-JOINT FILING AGREEMENT.PDF,JOINT FILING AGREEMENT,0,Low Risk,0
ACCELERATEDTECHNOLOGIESHOLDINGCORP_04_24_2003-EX-10.13-JOINT VENTURE AGREEMENT.PDF,JOINT VENTURE AGREEMENT,0,Low Risk,0
"MFAFINANCIAL,INC_07_06_2020-EX-99.D-JOINT FILING AGREEMENT.PDF",JOINT FILING AGREEMENT,0,Low Risk,0
"TALLGRASSENERGY,LP_02_20_2020-EX-99.26-JOINT FILING AGREEMENT.PDF",JOINT FILING AGREEMENT,0,Low Risk,0
"GALERATHERAPEUTICS,INC_02_14_2020-EX-99.A-JOINT FILING AGREEMENT.PDF",JOINT FILING AGREEMENT,0,Low Risk,0
CHIPMOSTECHNOLOGIESBERMUDALTD_04_18_2016-EX-4.72-Strategic Alliance Agreement.PDF,Strategic Alliance Agreement,0,Low Risk,0
"SIBANNAC,INC_12_04_2017-EX-2.1-Strategic Alliance Agreement.PDF",Strategic Alliance Agreement,0,Low Risk,0
PLAYAHOTELS&RESORTSNV_03_14_2017-EX-10.22-STRATEGIC ALLIANCE AGREEMENT (Hyatt Ziva Cancun).PDF,STRATEGIC ALLIANCE AGREEMENT,0,Low Risk,0
ALLISONTRANSMISSIONHOLDINGSINC_12_15_2014-EX-99.1-COOPERATION AGREEMENT.PDF,Cooperation Agreement,0,Low Risk,0
XENCORINC_10_25_2013-EX-10.24-COLLABORATION AGREEMENT (3).PDF,COLLABORATION AGREEMENT,25,Low Risk,1
IMMUNOMEDICSINC_08_07_2019-EX-10.1-PROMOTION AGREEMENT.PDF,PROMOTION AGREEMENT,28,Moderate Risk,2
IGENEBIOTECHNOLOGYINC_05_13_2003-EX-1-JOINT VENTURE AGREEMENT.PDF,Joint Venture Agreement,25,Low Risk,1
RMRGROUPINC_01_22_2020-EX-99.1-JOINT FILING AGREEMENT.PDF,JOINT FILING AGREEMENT,0,Low Risk,0
"MJBIOTECH,INC_12_06_2018-EX-99.01-JOINT VENTURE AGREEMENT.PDF",JOINT VENTURE AGREEMEN,18,Low Risk,1
"ONEMAINHOLDINGS,INC_02_20_2020-EX-99.D-JOINT FILING AGREEMENT.PDF",JOINT FILING AGREEMENT,0,Low Risk,0
"MACY'S,INC_05_11_2020-EX-99.4-JOINT FILING AGREEMENT.PDF",JOINT FILING AGREEMENT,0,Low Risk,0
BLACKROCKMUNIHOLDINGSINVESTMENTQUALITYFUND_04_07_2020-EX-99.01-JOINT FILING AGREEMENT.PDF,JOINT FILING AGREEMENT,0,Low Risk,0
NELNETINC_04_08_2020-EX-1-JOINT FILING AGREEMENT.PDF,JOINT FILING AGREEMENT,0,Low Risk,0
"VIRGINGALACTICHOLDINGS,INC_04_08_2020-EX-99.1-JOINT FILING STATEMENT.PDF",JOINT FILING STATEMENT,0,Low Risk,0
"PRECIGEN,INC_01_22_2020-EX-99.1-JOINT FILING AGREEMENT.PDF",JOINT FILING AGREEMENT,0,Low Risk,0
"SPRINGBANKPHARMACEUTICALS,INC_04_08_2020-EX-99.A-JOINT FILING AGREEMENT.PDF",JOINT FILING AGREEMENT,0,Low Risk,0
ATENTOSA_07_06_2020-EX-99.1-JOINT FILING AGREEMENT.PDF,JOINT FILING AGREEMENT,0,Low Risk,0
CYBERIANOUTPOSTINC_07_09_1998-EX-10.13-PROMOTION AGREEMENT.PDF,Promotion Agreement,0,Low Risk,0
KINGPHARMACEUTICALSINC_08_09_2006-EX-10.1-PROMOTION AGREEMENT.PDF,PROMOTION AGREEMENT,43,Moderate Risk,2
"KNOWLABS,INC_08_15_2005-EX-10-INTELLECTUAL PROPERTY AGREEMENT.PDF",INTELLECTUAL PROPERTY AGREEMENT,18,Low Risk,1
INGEVITYCORP_05_16_2016-EX-10.5-INTELLECTUAL PROPERTY AGREEMENT.PDF,INTELLECTUAL PROPERTY AGREEMENT,18,Low Risk,1
"BABCOCK_WILCOXENTERPRISES,INC_08_04_2015-EX-10.17-INTELLECTUAL PROPERTY AGREEMENT between THE BABCOCK _ WILCOX COMPANY and BABCOCK _ WILCOX ENTERPRISES, INC..PDF",INTELLECTUAL PROPERTY AGREEMENT,61,High Risk,3
PcquoteComInc_19990721_S-1A_EX-10.11_6377149_EX-10.11_Co-Branding Agreement2.pdf,"AMENDMENT TO SECTION 2, PART B OF THE CO-BRANDING AGREEMENT",0,Low Risk,0
PcquoteComInc_19990721_S-1A_EX-10.11_6377149_EX-10.11_Co-Branding Agreement3.pdf,SECOND AMENDMENT TO CO-BRANDING AGREEMENT,0,Low Risk,0
PcquoteComInc_19990721_S-1A_EX-10.11_6377149_EX-10.11_Co-Branding Agreement1.pdf,CO-BRANDING AGREEMENT,0,Low Risk,0
SoupmanInc_20150814_8-K_EX-10.1_9230148_EX-10.1_Franchise Agreement2.pdf,GUARANTEES OF MASTER FRANCHISE AGREEMENT,0,Low Risk,0
SoupmanInc_20150814_8-K_EX-10.1_9230148_EX-10.1_Franchise Agreement3.pdf,Attachment C to Master Franchise Agreement   MULTI-STATE ADDENDUM   CALIFORNIA APPENDIX,0,Low Risk,0
SoupmanInc_20150814_8-K_EX-10.1_9230148_EX-10.1_Franchise Agreement1.pdf,MASTER FRANCHISE AGREEMENT,63,High Risk,4
SoupmanInc_20150814_8-K_EX-10.1_9230148_EX-10.1_Franchise Agreement4.pdf,ADDENDUM REQUIRED BY THE DEPARTMENT OF LAW OF THE STATE OF NEW YORK,0,Low Risk,0
FEDERATEDGOVERNMENTINCOMESECURITIESINC_04_28_2020-EX-99.SERV AGREE-SERVICES AGREEMENT.PDF,SERVICES AGREEMENT,0,Low Risk,0
FEDERATEDGOVERNMENTINCOMESECURITIESINC_04_28_2020-EX-99.SERV AGREE-SERVICES AGREEMENT_SECONDAMENDMENT.pdf,SECOND AMENDMENT TO SERVICES AGREEMENT,0,Low Risk,0
FEDERATEDGOVERNMENTINCOMESECURITIESINC_04_28_2020-EX-99.SERV AGREE-SERVICES AGREEMENT_POWEROF.pdf,LIMITED POWER OF ATTORNEY,0,Low Risk,0
FEDERATEDGOVERNMENTINCOMESECURITIESINC_04_28_2020-EX-99.SERV AGREE-SERVICES AGREEMENT_AMENDMENT.pdf,AMENDMENT TO SERVICES AGREEMENT,0,Low Risk,0
WESTERN COPPER - NON-COMPETITION AGREEMENT.PDF,NON COMPETITION AGREEMENT AND RIGHT OF FIRST OFFER,0,Low Risk,0
"INNOVIVA,INC_08_07_2014-EX-10.1-COLLABORATION AGREEMENT.PDF",COLLABORATION AGREEMENT (“,43,Moderate Risk,2
"FOUNDATIONMEDICINE,INC_02_02_2015-EX-10.2-Collaboration Agreement.PDF",Collaboration Agreement,43,Moderate Risk,2
"NOVOINTEGRATEDSCIENCES,INC_12_23_2019-EX-10.1-JOINT VENTURE AGREEMENT.PDF",JOINT VENTURE AGREEMENT,0,Low Risk,0
"TRANSPHORM,INC_02_14_2020-EX-10.12(1)-JOINT VENTURE AGREEMENT.PDF",JOINT VENTURE AGREEMENT,0,Low Risk,0
VALENCETECHNOLOGYINC_02_14_2003-EX-10-JOINT VENTURE CONTRACT.PDF,JOINT VENTURE CONTRACT,0,Low Risk,0
"VIVINT SOLAR, INC. - NON-COMPETITION AGREEMENT.PDF",NON-COMPETITION AGREEMENT AMENDMENT NO. 1,0,Low Risk,0
Quaker Chemical Corporation - NON COMPETITION AND NON SOLICITATION AGREEMENT.PDF,NON-COMPETITION AND NON-SOLICITATION AGREEMENT,10,Low Risk,1
MOELIS&CO_03_24_2014-EX-10.19-STRATEGIC ALLIANCE AGREEMENT.PDF,STRATEGIC ALLIANCE AGREEMENT,20,Low Risk,2
ENERGOUSCORP_03_16_2017-EX-10.24-STRATEGIC ALLIANCE AGREEMENT.PDF,STRATEGIC ALLIANCE AGREEMENT,63,High Risk,4
"BORROWMONEYCOM,INC_06_11_2020-EX-10.1-JOINT VENTURE AGREEMENT.PDF",JOINT VENTURE AGREEMENT,0,Low Risk,0
"VEONEER,INC_02_21_2020-EX-10.11-JOINT VENTURE AGREEMENT.PDF","AMENDMENT AND TERMINATION 

OF 

JOINT VENTURE AGREEMENT",0,Low Risk,0
"KIROMICBIOPHARMA,INC_04_08_2020-EX-10.28-JOINT VENTURE AGREEMENT.PDF",JOINT VENTURE AGREEMENT,43,Moderate Risk,2
IMPCOTECHNOLOGIESINC_04_15_2003-EX-10.65-JOINT VENTURE AGREEMENT.PDF,JOINT VENTURE AGREEMENT,43,Moderate Risk,2
GULFSOUTHMEDICALSUPPLYINC_12_24_1997-EX-4-AFFILIATE AGREEMENT.PDF,AFFILIATE AGREEMENT,0,Low Risk,0
AFSALABANCORPINC_08_01_1996-EX-1.1-AGENCY AGREEMENT.PDF,AGENCY AGREEMENT,0,Low Risk,0
ALAMOGORDOFINANCIALCORP_12_16_1999-EX-1-AGENCY AGREEMENT.PDF,AGENCY AGREEMENT,18,Low Risk,1
ALCOSTORESINC_12_14_2005-EX-10.26-AGENCY AGREEMENT.PDF,AGENCY AGREEMENT,0,Low Risk,0
ALLIANCEBANCORPINCOFPENNSYLVANIA_10_18_2006-EX-1.2-AGENCY AGREEMENT.PDF,AGENCY AGREEMENT,18,Low Risk,1
AMERICANPHYSICIANSCAPITALINC_03_31_2003-EX-10.26-AGENCY AGREEMENT.PDF,AGENCY AGREEMENT,53,High Risk,3
BANUESTRAFINANCIALCORP_09_08_2006-EX-10.16-AGENCY AGREEMENT.PDF,AGENCY AGREEMENT,0,Low Risk,0
BIOPURECORP_06_30_1999-EX-10.13-AGENCY AGREEMENT.PDF,AGENCY AGREEMENT,10,Low Risk,1
"BLUEHILLSBANCORP,INC_05_20_2014-EX-1.1-AGENCY AGREEMENT.PDF",AGENCY AGREEMENT,25,Low Risk,1
"BLUEROCKRESIDENTIALGROWTHREIT,INC_06_01_2016-EX-1.1-AGENCY AGREEMENT.PDF",AGENCY AGREEMENT,0,Low Risk,0
AURASYSTEMSINC_06_16_2010-EX-10.25-STRATEGIC ALLIANCE AGREEMENT.PDF,STRATEGIC ALLIANCE AGREEMENT,43,Moderate Risk,2
CHERRYHILLMORTGAGEINVESTMENTCORP_09_26_2013-EX-10.1-Strategic Alliance Agreement.PDF,Strategic Alliance Agreement,0,Low Risk,0
ADAPTIMMUNETHERAPEUTICSPLC_04_06_2017-EX-10.11-STRATEGIC ALLIANCE AGREEMENT.PDF,STRATEGIC ALLIANCE AGREEMENT,43,Moderate Risk,2
"COOLTECHNOLOGIES,INC_10_25_2017-EX-10.71-Strategic Alliance Agreement.PDF",Strategic Alliance Agreement,10,Low Risk,1
"DUOSTECHNOLOGIESGROUP,INC_04_21_2009-EX-10.1-STRATEGIC ALLIANCE AGREEMENT.PDF",Strategic Alliance Agreement,53,High Risk,3
ENTRUSTINC_07_24_1998-EX-10.5-STRATEGIC ALLIANCE AGREEMENT.PDF,STRATEGIC ALLIANCE AGREEMENT,18,Low Risk,1
"FTENETWORKS,INC_02_18_2016-EX-99.4-STRATEGIC ALLIANCE AGREEMENT.PDF",STRATEGIC ALLIANCE AGREEMENT,28,Moderate Risk,2
"GIGGLESN_HUGS,INC_06_23_2016-EX-10.2-STRATEGIC ALLIANCE AGREEMENT.PDF",Strategic Alliance Agreement,20,Low Risk,2
GOLDRESOURCECORP_12_11_2008-EX-10.1-STRATEGIC ALLIANCE AGREEMENT.PDF,STRATEGIC ALLIANCE AGREEMENT,25,Low Risk,1
ICORECONNECTINC_10_13_2010-EX-7.1-Strategic Alliance Agreement.PDF,Strategic Alliance Agreement,18,Low Risk,1
"INTELLIGENTHIGHWAYSOLUTIONS,INC_01_18_2018-EX-10.1-Strategic Alliance Agreement.PDF",Strategic Alliance Agreement,0,Low Risk,0
INTRICONCORP_03_10_2009-EX-10.22-Strategic Alliance Agreement.PDF,  Strategic Alliance Agreement,43,Moderate Risk,2
"IOVANCEBIOTHERAPEUTICS,INC_08_03_2017-EX-10.1-STRATEGIC ALLIANCE AGREEMENT.PDF",STRATEGIC ALLIANCE AGREEMENT,25,Low Risk,1
LIGHTBRIDGECORP_11_23_2015-EX-10.26-STRATEGIC ALLIANCE AGREEMENT.PDF,STRATEGIC' ALLIANCE AGREEMENT (,0,Low Risk,0
MANAKOASERVICESCORP_11_21_2007-EX-7.5-STRATEGIC ALLIANCE AGREEMENT.PDF,Strategic Alliance Agreement,10,Low Risk,1
ORBSATCORP_08_17_2007-EX-7.3-STRATEGIC ALLIANCE AGREEMENT.PDF,Strategic Alliance Agreement,10,Low Risk,1
PHLVARIABLEINSURANCECOCT_08_17_2009-EX-10.1-STRATEGIC ALLIANCE AGREEMENT.PDF,STRATEGIC ALLIANCE AGREEMENT,20,Low Risk,2
"PHREESIA,INC_05_28_2019-EX-10.18-STRATEGIC ALLIANCE AGREEMENT.PDF",STRATEGIC ALLIANCE AGREEMENT,28,Moderate Risk,2
REWALKROBOTICSLTD_07_10_2014-EX-10.2-STRATEGIC ALLIANCE AGREEMENT.PDF,Strategic Alliance Agreement,35,Moderate Risk,2
KALLOINC_11_03_2011-EX-10.1-STRATEGIC ALLIANCE AGREEMENT.PDF',STRATEGIC ALLIANCE AGREEMENT,53,High Risk,3
"ROCKYMOUNTAINCHOCOLATEFACTORY,INC_12_23_2019-EX-10.2-STRATEGIC ALLIANCE AGREEMENT.PDF","STRATEGIC ALLIANCE AGREEMENT, d",28,Moderate Risk,2
"SUCAMPOPHARMACEUTICALS,INC_11_04_2015-EX-10.2-STRATEGIC ALLIANCE AGREEMENT.PDF",STRATEGIC ALLIANCE AGREEMENT is,0,Low Risk,0
"TURNKEYCAPITAL,INC_07_20_2017-EX-1.1-Strategic Alliance Agreement.PDF",Strategic Alliance Agreement,0,Low Risk,0
USASYNTHETICFUELCORP_10_21_2010-EX-10.10-STRATEGIC ALLIANCE AGREEMENT.PDF,STRATEGIC ALLIANCE AGREEMENT,25,Low Risk,1
"WASTE2ENERGYHOLDINGS,INC_06_03_2010-EX-10.2-STRATEGIC ALLIANCE AGREEMENT.PDF",STRATEGIC ALLIANCE AGREEMENT,10,Low Risk,1
"VIRTUALSCOPICS,INC_11_12_2010-EX-10.1-STRATEGIC ALLIANCE AGREEMENT.PDF",STRATEGIC ALLIANCE AGREEMENT,35,Moderate Risk,2
"XLITECHNOLOGIES,INC_12_02_2015-EX-10.02-STRATEGIC ALLIANCE AGREEMENT.PDF",STRATEGIC ALLIANCE AGREEMENT,25,Low Risk,1
ANIXABIOSCIENCESINC_06_09_2020-EX-10.1-COLLABORATION AGREEMENT.PDF,Collaboration Agreement,18,Low Risk,1
BIOCEPTINC_08_19_2013-EX-10-COLLABORATION AGREEMENT.PDF,COLLABORATION AGREEMENT,43,Moderate Risk,2
"CARDAX,INC_08_19_2014-EX-10.1-COLLABORATION AGREEMENT.PDF",COLLABORATION AGREEMENT,43,Moderate Risk,2
CHEETAHMOBILEINC_04_22_2014-EX-10.43-Cooperation Agreement.PDF, Cooperation Agreement ,25,Low Risk,1
"ELFBEAUTY,INC_07_02_2020-EX-10.1-COOPERATION AGREEMENT.PDF",Cooperation Agreement (,0,Low Risk,0
FIBROGENINC_10_01_2014-EX-10.11-COLLABORATION AGREEMENT.PDF,COLLABORATION AGREEMENT (“A,43,Moderate Risk,2
"HC2HOLDINGS,INC_05_14_2020-EX-10.1-COOPERATION AGREEMENT.PDF",Cooperation Agreement,0,Low Risk,0
HPILHOLDING_01_07_2015-EX-99.1-COOPERATION AGREEMENT.PDF,COOPERATION AGREEMENT,0,Low Risk,0
LEJUHOLDINGSLTD_03_12_2014-EX-10.34-INTERNET CHANNEL COOPERATION AGREEMENT.PDF,INTERNET CHANNEL COOPERATION AGREEMENT,25,Low Risk,1
"MEETGROUP,INC_06_29_2017-EX-10.1-COOPERATION AGREEMENT.PDF",COOPERATION AGREEMENT,0,Low Risk,0
QIWI_06_16_2017-EX-99.(D)(2)-COOPERATION AGREEMENT.PDF,Cooperation Agreement,18,Low Risk,1
"SPIENERGYCO,LTD_07_10_2014-EX-10-Cooperation Agreement of 50MWp Photovoltaic Grid-connected Power Generation Project in Yangqiao of~1.PDF",Cooperation Agreement,0,Low Risk,0
"SPOKHOLDINGS,INC_06_19_2020-EX-10.1-COOPERATION AGREEMENT.PDF",Cooperation Agreement,0,Low Risk,0
STWRESOURCESHOLDINGCORP_08_06_2014-EX-10.1-COOPERATION AGREEMENT.PDF,  COOPERATION AGREEMENT,18,Low Risk,1
URSCORPNEW_03_17_2014-EX-99-COOPERATION AGREEMENT.PDF,COOPERATION AGREEMENT,0,Low Risk,0
"CERES,INC_01_25_2012-EX-10.20-Collaboration Agreement.PDF",COLLABORATION AGREEMENT,43,Moderate Risk,2
"FIDELITYNATIONALINFORMATIONSERVICES,INC_08_05_2009-EX-10.3-INTELLECTUAL PROPERTY AGREEMENT.PDF",INTELLECTUAL PROPERTY AGREEMENT,0,Low Risk,0
"ARMSTRONGFLOORING,INC_01_07_2019-EX-10.2-INTELLECTUAL PROPERTY AGREEMENT.PDF",INTELLECTUAL PROPERTY AGREEMENT,0,Low Risk,0
"GSITECHNOLOGYINC_11_16_2009-EX-10.2-INTELLECTUAL PROPERTY AGREEMENT between SONY ELECTRONICS INC. and GSI TECHNOLOGY, INC..PDF",Intellectual Property Agreement,0,Low Risk,0
"HERTZGLOBALHOLDINGS,INC_07_07_2016-EX-10.4-INTELLECTUAL PROPERTY AGREEMENT.PDF",INTELLECTUAL PROPERTY AGREEMENT,0,Low Risk,0
JINGWEIINTERNATIONALLTD_10_04_2007-EX-10.7-INTELLECTUAL PROPERTY AGREEMENT.PDF,Intellectual Property Agreement,0,Low Risk,0
MSCIINC_02_28_2008-EX-10.10-.PDF,Intellectual Property Agreement,0,Low Risk,0
"OTISWORLDWIDECORP_04_03_2020-EX-10.4-INTELLECTUAL PROPERTY AGREEMENT by and among UNITED TECHNOLOGIES CORPORATION, OTIS WORLDWIDE CORPORATION and CARRIER ~1.PDF",INTELLECTUAL PROPERTY AGREEMENT,0,Low Risk,0
VERSOTECHNOLOGIESINC_12_28_2007-EX-99.3-INTELLECTUAL PROPERTY AGREEMENT.PDF,INTELLECTUAL PROPERTY AGREEMENT,0,Low Risk,0
ZEBRATECHNOLOGIESCORP_04_16_2014-EX-10.1-INTELLECTUAL PROPERTY AGREEMENT.PDF,INTELLECTUAL PROPERTY AGREEMENT,25,Low Risk,1
AIRSPANNETWORKSINC_04_11_2000-EX-10.5-Distributor Agreement.PDF,"Distributor Agreement

Distributor Agreement",43,Moderate Risk,2
ACCURAYINC_09_01_2010-EX-10.31-DISTRIBUTOR AGREEMENT.PDF,Multiple LINAC and Multi-Modality Distributor Agreement,18,Low Risk,1
BLACKBOXSTOCKSINC_08_05_2014-EX-10.1-DISTRIBUTOR AGREEMENT.PDF,DISTRIBUTOR AGREEMENT,25,Low Risk,1
ENTERTAINMENTGAMINGASIAINC_02_15_2005-EX-10.5-DISTRIBUTOR AGREEMENT.PDF,DISTRIBUTOR AGREEMENT,53,High Risk,3
"ETELOS,INC_03_09_2004-EX-10.8-DISTRIBUTOR AGREEMENT.PDF",DISTRIBUTOR AGREEMENT,18,Low Risk,1
EUROPEANMICROHOLDINGSINC_03_06_1998-EX-10.6-DISTRIBUTOR AGREEMENT.PDF,DISTRIBUTOR AGREEMENT,18,Low Risk,1
HYPERIONSOFTWARECORP_09_28_1994-EX-10.47-EXCLUSIVE DISTRIBUTOR AGREEMENT.PDF,EXCLUSIVE DISTRIBUTOR AGREEMENT,43,Moderate Risk,2
"LEGACYTECHNOLOGYHOLDINGS,INC_12_09_2005-EX-10.2-DISTRIBUTOR AGREEMENT.PDF",EXCLUSIVE   DISTRIBUTOR  AGREEMENT,43,Moderate Risk,2
LUCIDINC_04_15_2011-EX-10.9-DISTRIBUTOR AGREEMENT.PDF,Distributor Agreement,25,Low Risk,1
LIMEENERGYCO_09_09_1999-EX-10-DISTRIBUTOR AGREEMENT.PDF,DISTRIBUTOR  AGREEMENT,63,High Risk,4
NEOMEDIATECHNOLOGIESINC_12_15_2005-EX-16.1-DISTRIBUTOR AGREEMENT.PDF,DISTRIBUTOR AGREEMENT,25,Low Risk,1
NANOPHASETECHNOLOGIESCORP_11_01_2005-EX-99.1-DISTRIBUTOR AGREEMENT.PDF,DISTRIBUTOR AGREEMENT,43,Moderate Risk,2
"OPTIMIZEDTRANSPORTATIONMANAGEMENT,INC_07_26_2000-EX-6.6-DISTRIBUTOR AGREEMENT.PDF",DISTRIBUTOR AGREEMENT,25,Low Risk,1
"VISIUMTECHNOLOGIES,INC_10_20_2004-EX-10.20-DISTRIBUTOR AGREEMENT.PDF",DISTRIBUTOR AGREEMENT,18,Low Risk,1
ENERGYXXILTD_05_08_2015-EX-10.13-Transportation AGREEMENT.PDF,Transportation Agreement,0,Low Risk,0
ENTERPRISEPRODUCTSPARTNERSLP_07_08_1998-EX-10.3-TRANSPORTATION CONTRACT.PDF,TRANSPORTATION CONTRACT,0,Low Risk,0
MARTINMIDSTREAMPARTNERSLP_01_23_2004-EX-10.3-TRANSPORTATION SERVICES AGREEMENT.PDF,MARINE TRANSPORTATION AGREEMENT,25,Low Risk,1
ADAMSGOLFINC_03_21_2005-EX-10.17-ENDORSEMENT AGREEMENT.PDF,ENDORSEMENT AGREEMENT,25,Low Risk,1
AMBASSADOREYEWEARGROUPINC_11_17_1997-EX-10.28-ENDORSEMENT AGREEMENT.PDF,Endorsement Agreement,43,Moderate Risk,2
HOLIDAYRVSUPERSTORESINC_04_15_2002-EX-10.13-ENDORSEMENT AGREEMENT.PDF,ENDORSEMENT AGREEMENT,18,Low Risk,1
"MARSHALLHOLDINGSINTERNATIONAL,INC_04_14_2004-EX-10.15-ENDORSEMENT AGREEMENT.PDF",ENDORSEMENT AGREEMENT,0,Low Risk,0
MOVADOGROUPINC_04_30_2003-EX-10.28-ENDORSEMENT AGREEMENT.PDF,ENDORSEMENT AGREEMENT,18,Low Risk,1
MOSSIMOINC_04_14_2000-EX-10.14-ENDORSEMENT AGREEMENT.PDF,ENDORSEMENT AGREEMENT,25,Low Risk,1
SPORTHALEYINC_09_29_1997-EX-10.2-10-ENDORSEMENT AGREEMENT.PDF,ENDORSEMENT AGREEMENT,61,High Risk,3
TEARDROPGOLFCO_10_23_1996-EX-10.12-ENDORSEMENT AGREEMENT.PDF,Endorsement Agreement,43,Moderate Risk,2
WARNINGMANAGEMENTSERVICESINC_12_10_1999-EX-10-ENDORSEMENT AGREEMENT.PDF,ENDORSEMENT AGREEMENT,43,Moderate Risk,2
"Array BioPharma Inc. - LICENSE, DEVELOPMENT AND COMMERCIALIZATION AGREEMENT.PDF","LICENSE, DEVELOPMENT AND COMMERCIALIZATION AGREEMENT",43,Moderate Risk,2
Microgenics Corporation - Collaborative Development and Commercialization Agreement.PDF,Collaborative Development and Commercialization Agreement,25,Low Risk,1
WARNERCHILCOTTPLC_12_31_2003-EX-4.36-DEVELOPMENT AGREEMENT.PDF,DEVELOPMENT AGREEMENT,18,Low Risk,1
TRUENORTHENERGYCORP_02_08_2007-EX-10.1-DEVELOPMENT AGREEMENT.PDF,DEVELOPMENT AGREEMENT (“,18,Low Risk,1
AIRTECHINTERNATIONALGROUPINC_05_08_2000-EX-10.4-FRANCHISE AGREEMENT.PDF,FRANCHISE AGREEMENT,63,High Risk,4
"HOSPITALITYINVESTORSTRUST,INC_04_07_2014-EX-10.26-FRANCHISE AGREEMENT.PDF",FRANCHISE AGREEMENT,25,Low Risk,1
INTERNATIONALFASTFOODCORP_04_04_1997-EX-99-FRANCHISE AGREEMENT.PDF,FRANCHISE AGREEMENT,28,Moderate Risk,2
"GOOSEHEADINSURANCE,INC_04_02_2018-EX-10.6-Franchise Agreement.PDF",FRANCHISE AGREEMENT,38,Moderate Risk,3
JOINTCORP_09_19_2014-EX-10.15-FRANCHISE AGREEMENT.PDF,"Franchise Agreement

Addendum to Lease Agreement",43,Moderate Risk,2
AMERICASSHOPPINGMALLINC_12_10_1999-EX-10.2-SITE DEVELOPMENT AND HOSTING AGREEMENT.PDF,SITE DEVELOPMENT AND HOSTING AGREEMENT (,25,Low Risk,1
BLUEFLYINC_03_27_2002-EX-10.27-e-business Hosting Agreement.PDF,e-business Hosting Agreement,0,Low Risk,0
BEYONDCOMCORP_08_03_2000-EX-10.2-CO-HOSTING AGREEMENT.PDF,Co-Hosting Agreement,43,Moderate Risk,2
BNCMORTGAGEINC_05_17_1999-EX-10.4-LICENSING AND WEB SITE HOSTING AGREEMENT.PDF,LICENSING AND WEB SITE HOSTING AGREEMENT,0,Low Risk,0
BOLIVARMININGCORP_05_23_2003-EX-2.1-VISP WEB SITE BUILDING AND HOSTING AGREEMENT.PDF,VISP WEB SITE BUILDING AND HOSTING AGREEMENT,10,Low Risk,1
CORIOINC_07_20_2000-EX-10.5-LICENSE AND HOSTING AGREEMENT.PDF,License and Hosting Agreement,36,Moderate Risk,2
CHANGEPOINTCORP_03_08_2000-EX-10.6-LICENSE AND HOSTING AGREEMENT.PDF,License and Hosting Agreement,36,Moderate Risk,2
GALACTICOMMTECHNOLOGIESINC_11_07_1997-EX-10.46-WEB HOSTING AGREEMENT.PDF,WEB HOSTING AGREEMENT,0,Low Risk,0
INKTOMICORP_06_08_1998-EX-10.14-SOFTWARE HOSTING AGREEMENT.PDF,Software Hosting Agreement,18,Low Risk,1
"ADMA BioManufacturing, LLC -  Amendment #3 to Manufacturing Agreement .PDF",Amendment #3 to the Manufacturing Agreemen,18,Low Risk,1
"Antares Pharma, Inc. - Manufacturing Agreement.PDF",Manufacturing Agreement,25,Low Risk,1
Apollo Endosurgery - Manufacturing and Supply Agreement.PDF,Manufacturing and Supply Agreement,0,Low Risk,0
Cerus Corporation - FIRST AMEND TO SUPPLY AND MANUFACTURING AGREEMENT.PDF,FIRST AMENDMENT TO SUPPLY AND MANUFACTURING AGREEMENT,0,Low Risk,0
"Columbia Laboratories, (Bermuda) Ltd. - AMEND NO. 2 TO MANUFACTURING AND SUPPLY AGREEMENT.PDF",AMENDMENT NO. 2 TO MANUFACTURING AND SUPPLY AGREEMENT,18,Low Risk,1
ELECTRAMECCANICA VEHICLES CORP. - Manufacturing Agreement .PDF,Manufacturing Agreement,43,Moderate Risk,2
"Magenta Therapeutics, Inc. - Master Development and Manufacturing Agreement.PDF",Master Development and Manufacturing Agreement,0,Low Risk,0
"Sonos, Inc. - Manufacturing Agreement .PDF",Manufacturing Agreement,28,Moderate Risk,2
"VAPOTHERM, INC. - Manufacturing and Supply Agreement.PDF",Manufacturing and Supply Agreement,0,Low Risk,0
"ON2TECHNOLOGIES,INC_11_17_2006-EX-10.3-SUPPORT AND MAINTENANCE AGREEMENT.PDF",SUPPORT AND MAINTENANCE AGREEMENT,0,Low Risk,0
PRIMEENERGYRESOURCESCORP_04_02_2007-EX-10.28-COMPLETION AND LIQUIDITY MAINTENANCE AGREEMENT.PDF,COMPLEHON AGREEMENT AND UQITDITV MAINTENANCE AGREEMENT,0,Low Risk,0
SECURIANFUNDSTRUST_05_01_2012-EX-99.28.H.9-NET INVESTMENT INCOME MAINTENANCE AGREEMENT.PDF,"RESTATED NET INVESTMENT INCOME MAINTENANCE AGREEMENT,",0,Low Risk,0
SANDRIDGEENERGYINC_08_06_2009-EX-10.6-OPERATIONS AND MAINTENANCE AGREEMENT.PDF,OPERATIONS AND MAINTENANCE AGREEMENT,18,Low Risk,1
SEPARATEACCOUNTIIOFAGL_05_02_2011-EX-99.(J)(4)-UNCONDITIONAL CAPITAL MAINTENANCE AGREEMENT.PDF,Unconditional Capital Maintenance Agreement,0,Low Risk,0
SLOVAKWIRELESSFINANCECOBV_03_28_2001-EX-4.(B)(II).3-Maintenance and support contract for SICAP(R) modules.PDF,Maintenance and support contract,0,Low Risk,0
SFGFINANCIALCORP_05_12_2009-EX-10.1-SOFTWARE LICENSE AND MAINTENANCE AGREEMENT.PDF,SOFTWARE LICENSE AND MAINTENANCE AGREEMENT,10,Low Risk,1
SPARKLINGSPRINGWATERHOLDINGSLTD_07_03_2002-EX-10.13-SOFTWARE LICENSE AND MAINTENANCE AGREEMENT.PDF,SOFTWARE LICENSE AND MAINTENANCE AGREEMENT,28,Moderate Risk,2
SMITHELECTRICVEHICLESCORP_04_04_2012-EX-10.26-FLEET MAINTENANCE AGREEMENT.PDF,   FLEET MAINTENANCE AGREEMENT,18,Low Risk,1
"SPIENERGYCO,LTD_03_09_2011-EX-99.5-OPERATIONS AND MAINTENANCE AGREEMENT.PDF",OPERATIONS AND MAINTENANCE AGREEMENT,0,Low Risk,0
STARTECGLOBALCOMMUNICATIONSCORP_11_16_1998-EX-10.30-CONSTRUCTION AND MAINTENANCE AGREEMENT.PDF,CONSTRUCTION AND MAINTENANCE AGREEMENT,0,Low Risk,0
SUNTRONCORP_05_17_2006-EX-10.22-MAINTENANCE AGREEMENT.PDF,MAINTENANCE AGREEMENT,0,Low Risk,0
SUMMAFOURINC_06_19_1998-EX-10.3-SOFTWARE LICENSE AND MAINTENANCE AGREEMENT.PDF,Software license and maintenance agreement,0,Low Risk,0
TELEGLOBEINTERNATIONALHOLDINGSLTD_03_29_2004-EX-10.10-CONSTRUCTION AND MAINTENANCE AGREEMENT.PDF,ASIA PACIFIC CABLE NETWORK 2 CONSTRUCTION & MAINTENANCE AGREEMENT,18,Low Risk,1
TELKOMSALTD_01_30_2003-EX-10-LICENCE AND MAINTENANCE AGREEMENT.PDF,LICENCE AND MAINTENANCE AGREEMENT,0,Low Risk,0
TRIZETTOGROUPINC_08_18_1999-EX-10.17-TECHNICAL INFRASTRUCTURE MAINTENANCE AGREEMENT.PDF,TECHNICAL INFRASTRUCTURE MAINTENANCE AGREEMENT,0,Low Risk,0
UAGHINC_04_14_2004-EX-10.18-MAINTENANCE AGREEMENT.PDF,MAINTENANCE AGREEMENT,0,Low Risk,0
VARIABLESEPARATEACCOUNT_04_30_2014-EX-13.C-UNCONDITIONAL CAPITAL MAINTENANCE AGREEMENT.PDF,Amended and Restated Unconditional Capital Maintenance Agreement,0,Low Risk,0
VERTEXENERGYINC_08_14_2014-EX-10.24-OPERATION AND MAINTENANCE AGREEMENT.PDF,OPERATIONS AND MAINTENANCE AGREEMENT,18,Low Risk,1
VERTICALNETINC_04_01_2002-EX-10.19-MAINTENANCE AND SUPPORT AGREEMENT.PDF,Maintenance and Support Agreement,28,Moderate Risk,2
ZONDWINDSYSTEMPARTNERSLTDSERIES85-B_04_03_2006-EX-10-MANAGEMENT AND MAINTENANCE AGREEMENT.PDF,FIRST AMENDMENT TO SAGEBRUSH MANAGEMENT AND MAINTENANCE AGREEMENT,0,Low Risk,0
"GWG HOLDINGS, INC. - ORDERLY MARKETING AGREEMENT.PDF",ORDERLY MARKETING AGREEMENT,0,Low Risk,0
"HEMISPHERX - Sales, Marketing, Distribution, and Supply Agreement.PDF","Sales, Marketing, Distribution, and Supply Agreement",43,Moderate Risk,2
Monsanto Company - SECOND A&R EXCLUSIVE AGENCY AND MARKETING AGREEMENT .PDF,SECOND AMENDED AND RESTATED EXCLUSIVE AGENCY AND MARKETING AGREEMENT,53,High Risk,3
LECLANCHÉ S.A. - JOINT DEVELOPMENT AND MARKETING AGREEMENT.PDF,JOINT DEVELOPMENT AND MARKETING AGREEMENT,53,High Risk,3
"Loop Industries, Inc. - Marketing Agreement.PDF",Marketing Agreement,10,Low Risk,1
NUVEEN - REMARKETING AGREEMENT.PDF,REMARKETING AGREEMENT,25,Low Risk,1
"MetLife, Inc. - Remarketing Agreement.PDF",Remarketing Agreement,0,Low Risk,0
"PACIRA PHARMACEUTICALS, INC. - A&R STRATEGIC LICENSING, DISTRIBUTION AND MARKETING AGREEMENT .PDF","AMENDED AND RESTATED STRATEGIC LICENSING, DISTRIBUTION AND MARKETING AGREEMENT",43,Moderate Risk,2
Principal Life Insurance Company - Broker Dealer Marketing and Servicing Agreement .PDF,Broker Dealer Marketing and Servicing Agreement for Variable Annuity Contracts,0,Low Risk,0
"Reinsurance Group of America, Incorporated - A&R REMARKETING  AGREEMENT.PDF",AMENDED AND RESTATED REMARKETING AGREEMENT,25,Low Risk,1
"SightLife Surgical, Inc. - STRATEGIC SALES & MARKETING AGREEMENT.PDF",STRATEGIC SALES & MARKETING AGREEMENT,18,Low Risk,1
"Zounds Hearing, Inc. - MANUFACTURING DESIGN MARKETING AGREEMENT.PDF","MANUFACTURING, DESIGN AND MARKETING AGREEMENT (t",28,Moderate Risk,2
NATIONALPROCESSINGINC_07_18_1996-EX-10.4-SPONSORSHIP AGREEMENT.PDF,Sponsorship Agreement,25,Low Risk,1
PACIFICSYSTEMSCONTROLTECHNOLOGYINC_08_24_2000-EX-10.53-SPONSORSHIP AGREEMENT.PDF,SPONSORSHIP AGREEMENT,0,Low Risk,0
PROLONGINTERNATIONALCORP_03_23_1998-EX-10.16-SPONSORSHIP AGREEMENT.PDF,SPONSORSHIP AGREEMENT,25,Low Risk,1
NETGROCERINC_07_31_1998-EX-10.15-SPONSORSHIP AGREEMENT.PDF,SPONSORSHIP AGREEMENT,0,Low Risk,0
SONUSCORP_03_12_1997-EX-10.11-SPONSORSHIP AGREEMENT.PDF,SPONSORSHIP AGREEMENT,0,Low Risk,0
RUBIOSRESTAURANTSINC_03_31_2008-EX-10.75-SPONSORSHIP AGREEMENT.PDF,SPONSORSHIP AGREEMENT,25,Low Risk,1
TICKETSCOMINC_06_22_1999-EX-10.22-SPONSORSHIP AGREEMENT.PDF,SPONSORSHIP AGREEMENT,0,Low Risk,0
"VNUE,INC_07_10_2015-EX-10.1-SPONSORSHIP AGREEMENT.PDF",SPONSORSHIP AGREEMENT,0,Low Risk,0
"ADIANUTRITION,INC_04_01_2005-EX-10.D2-RESELLER AGREEMENT.PDF",Reseller Agreement,25,Low Risk,1
DIVERSINETCORP_03_01_2012-EX-4-RESELLER AGREEMENT.PDF,RESELLER AGREEMENT,53,High Risk,3
WORLDWIDESTRATEGIESINC_11_02_2005-EX-10-RESELLER AGREEMENT.PDF,Reseller Agreement,53,High Risk,3
"BELLRINGBRANDS,INC_02_07_2020-EX-10.18-MASTER SUPPLY AGREEMENT.PDF",MASTER SUPPLY AGREEMENT,0,Low Risk,0
BIOFRONTERAAG_04_29_2019-EX-4.17-SUPPLY AGREEMENT.PDF,Supply Agreement,43,Moderate Risk,2
FUSIONPHARMACEUTICALSINC_06_05_2020-EX-10.17-Supply Agreement - FUSION.PDF,SUPPLY AGREEMENT,10,Low Risk,1
"INTERSECTENT,INC_05_11_2020-EX-10.1-SUPPLY AGREEMENT.PDF",SUPPLY AGREEMENT,0,Low Risk,0
ULTRAGENYXPHARMACEUTICALINC_12_23_2013-EX-10.9-SUPPLY AGREEMENT.PDF,SUPPLY AGREEMENT,25,Low Risk,1
"VAXCYTE,INC_05_22_2020-EX-10.19-SUPPLY AGREEMENT.PDF",SUPPLY AGREEMENT,18,Low Risk,1
VERICELCORP_08_06_2019-EX-10.10-SUPPLY AGREEMENT.PDF,SUPPLY AGREEMENT,43,Moderate Risk,2
HEALTHGATEDATACORP_11_24_1999-EX-10.1-HOSTING AND MANAGEMENT AGREEMENT - Escrow Agreement.pdf,ESCROW AGREEMENT,0,Low Risk,0
BIOAMBERINC_04_10_2013-EX-10.34-DEVELOPMENT AGREEMENT - First Amendment.pdf,First Amendment,0,Low Risk,0
HEALTHGATEDATACORP_11_24_1999-EX-10.1-HOSTING AND MANAGEMENT AGREEMENT (1).pdf,"ELECTRONIC JOURNAL SOFT WARE DEVELOPMENT,                         HOSTING AND MANAGEMENT AGREEMENT",43,Moderate Risk,2
BIOAMBERINC_04_10_2013-EX-10.34-DEVELOPMENT AGREEMENT (1).pdf,DEVELOPMENT AGREEMENT,43,Moderate Risk,2
"NETGEAR,INC_04_21_2003-EX-10.16-AMENDMENT TO THE DISTRIBUTOR AGREEMENT BETWEEN INGRAM MICRO AND NETGEAR-.pdf",AMENDMENT                                      TO THE                               DISTRIBUTOR AGREEMENT                                      BETWEEN                                   INGRAM MICRO                                        AND                                      NETGEAR,25,Low Risk,1
"NETGEAR,INC_04_21_2003-EX-10.16-DISTRIBUTOR AGREEMENT.pdf",DISTRIBUTOR AGREEMENT,35,Moderate Risk,2
"NETGEAR,INC_04_21_2003-EX-10.16- AMENDMENT #2 TO THE DISTRIBUTION AGREEMENT.pdf",AMENDMENT #2 TO THE                              DISTRIBUTION AGREEMENT,0,Low Risk,0
NEONSYSTEMSINC_03_01_1999-EX-10.5-DISTRIBUTOR AGREEMENT_Amendment.pdf,FIRST AMENDMENT TO                                                                           DISTRIBUTOR AGREEMENT,25,Low Risk,1
NEONSYSTEMSINC_03_01_1999-EX-10.5-DISTRIBUTOR AGREEMENT_New.pdf,DISTRIBUTOR AGREEMENT,43,Moderate Risk,2
WOMENSGOLFUNLIMITEDINC_03_29_2000-EX-10.13-ENDORSEMENT AGREEMENT.PDF,Endorsement Agreement,43,Moderate Risk,2
WOMENSGOLFUNLIMITEDINC_03_29_2000-EX-10.13-ENDORSEMENT AGREEMENT - Intellectual Property Rights                 Confidentiality and Non-Use Obligations Agreement.pdf,Intellectual Property Rights                 Confidentiality and Non-Use Obligations Agreement,0,Low Risk,0
"KUBIENT,INC_07_02_2020-EX-10.14-MASTER SERVICES AGREEMENT_Part2.pdf",EXHIBIT ‘B’,20,Low Risk,2
"KUBIENT,INC_07_02_2020-EX-10.14-MASTER SERVICES AGREEMENT_Part1.pdf",Master Services Agreement,0,Low Risk,0
